{
  "train_losses": [
    1625.2907605171204,
    1147.3933939933777,
    487.8856738805771,
    270.21009588241577,
    211.99398571252823
  ],
  "valid_scores": [],
  "best_valid_epoch": -1
}