{
  "train_losses": [
    1706.99045419693,
    883.3842070102692,
    462.57093596458435,
    294.19802033901215,
    225.84393876791
  ],
  "valid_scores": [],
  "best_valid_epoch": -1
}