{
  "train_losses": [
    896.7422280311584,
    306.5144168138504,
    189.929750084877,
    159.9123259782791,
    148.16288596391678
  ],
  "valid_scores": [],
  "best_valid_epoch": -1
}