{
  "train_losses": [
    926.413268327713,
    294.8374654054642,
    189.8039573431015,
    163.6774262189865,
    153.204915702343
  ],
  "valid_scores": [],
  "best_valid_epoch": -1
}