{
  "train_losses": [
    867.8098423480988,
    284.7920615673065,
    175.0193634033203,
    146.9189772605896,
    135.8553705215454
  ],
  "valid_scores": [],
  "best_valid_epoch": -1
}