{
  "train_losses": [
    1676.9620571136475,
    1146.2859327793121,
    510.6048276424408,
    280.5901641845703,
    221.59363305568695
  ],
  "valid_scores": [],
  "best_valid_epoch": -1
}