{
  "train_losses": [
    1657.039725780487,
    974.6698541641235,
    466.5155634880066,
    286.02004992961884,
    219.05184400081635
  ],
  "valid_scores": [],
  "best_valid_epoch": -1
}