{
  "train_losses": [
    1702.6990642547607,
    901.7257239818573,
    441.23388838768005,
    276.0532248020172,
    214.43676894903183
  ],
  "valid_scores": [],
  "best_valid_epoch": -1
}